<image version="0.0.1" yres="100" xres="100" w="128" h="128">
 <stack opacity="1" composite-op="svg:src-over" y="0" name="root" isolation="isolate" visibility="visible" x="0">
  <layer opacity="1" composite-op="svg:src-over" y="3" name="Layer 14" src="data/layer5.png" visibility="visible" x="14" selected="true"/>
  <layer opacity="1" composite-op="svg:src-over" y="13" name="Layer 13" src="data/layer4.png" visibility="hidden" x="20"/>
  <layer opacity="1" composite-op="svg:src-over" y="16" name="Layer 12" src="data/layer3.png" visibility="hidden" x="23"/>
  <layer opacity="1" composite-op="svg:src-over" y="16" name="Layer 11" src="data/layer2.png" visibility="hidden" x="27"/>
  <layer opacity="1" composite-op="svg:src-over" y="25" name="Layer 2" src="data/layer1.png" visibility="hidden" x="25"/>
  <layer opacity="1" composite-op="svg:src-over" y="0" name="Background" src="data/layer0.png" visibility="visible" x="0"/>
 </stack>
</image>
